"PCo1","PCo2","PCo3","PCo4","Binomial"
-20.1871255409948,52.725426507617,2.04156566368204,0.371962086851007,"Iphiclides_feisthamelii"
-20.1871255409951,52.725426507616,2.04156566368174,0.371962086851104,"Iphiclides_podalirius"
-20.2246163498454,52.8933637324621,2.05199290812074,0.374125015657096,"Papilio_alexanor"
-20.2308437950371,52.9211592596128,2.05370988001193,0.374480499143568,"Papilio_hospiton"
-20.2308437950386,52.9211592596109,2.0537098800114,0.37448049914351,"Papilio_machaon"
-20.3914010339133,53.6489844026392,2.09969338835454,0.38408053321781,"Parnassius_mnemosyne"
-20.3939585042999,53.6604656298341,2.10040867591201,0.384229099516983,"Parnassius_apollo"
-20.3939585042999,53.6604656298341,2.10040867591168,0.384229099518892,"Parnassius_phoebus"
-20.3819856738007,53.6074222238592,2.09716810244388,0.383560947983523,"Archon_apollinus"
-20.4976730610514,54.1290370684045,2.12986932040662,0.390368681570006,"Zerynthia_rumina"
-20.4983050509905,54.1318842050783,2.13004759896044,0.390405779273959,"Zerynthia_cassandra"
-20.4983050509905,54.1318842050783,2.13004759896043,0.390405779273943,"Zerynthia_polyxena"
-20.4988365429851,54.1342792843243,2.13019763283786,0.39043700426579,"Zerynthia_cretica"
-20.4988761302982,54.1344576264855,2.13020880004583,0.390439328032127,"Zerynthia_cerisy"
-20.4988761302982,54.1344576264855,2.13020880004584,0.390439328032133,"Zerynthia_caucasica"
-27.5760195539876,107.980826586042,87.7958813746065,-1.92011506359513,"Heteropterus_morpheus"
-27.5932430447389,108.095978844697,87.9450537821411,-1.92382065234937,"Carterocephalus_silvicola"
-27.5932430447389,108.095978844697,87.9450537821412,-1.92382065234937,"Carterocephalus_palaemon"
-27.8070597424824,109.53759951469,89.8354477224533,-1.97099035575058,"Borbo_borbonica"
-27.808783703559,109.549186433664,89.8505731027828,-1.97136714646749,"Pelopidas_thrax"
-27.8109249605455,109.563577731193,89.8693586972198,-1.97183511212367,"Gegenes_nostrodamus"
-27.8109249605455,109.563577731193,89.8693586972197,-1.97183511212369,"Gegenes_pumilio"
-27.7947743156536,109.455070220499,89.7277955430874,-1.96830935321435,"Ochlodes_sylvanus"
-27.7947743156536,109.455070220499,89.7277955430874,-1.96830935321432,"Hesperia_comma"
-27.8405988650494,109.763477861561,90.1311658982935,-1.97836487769885,"Thymelicus_christi"
-27.8405988650494,109.763477861561,90.1311658982935,-1.97836487769885,"Thymelicus_acteon"
-27.8412285744607,109.767713601319,90.136701539798,-1.97850283501501,"Thymelicus_hyrax"
-27.8417328205546,109.771105109461,90.1411332990452,-1.97861327663434,"Thymelicus_sylvestris"
-27.8417328205546,109.771105109461,90.1411332990452,-1.97861327663436,"Thymelicus_lineola"
-28.3290896916589,113.157417826182,94.7848438346995,-2.0964528738033,"Carcharodus_tripolinus"
-28.3290896916589,113.157417826182,94.7848438346995,-2.0964528738033,"Carcharodus_alceae"
-28.3417151345017,113.243544353888,94.8998257641473,-2.09934185964739,"Spialia_phlomidis"
-28.3501200453035,113.300852691446,94.9762826380692,-2.10126240815743,"Spialia_therapne"
-28.3513396962427,113.309168234797,94.9873755875927,-2.10154104617522,"Spialia_sertorius"
-28.3515360273801,113.310506794359,94.9891611898304,-2.10158589743378,"Spialia_rosae"
-28.3515360273801,113.310506794359,94.9891611898304,-2.10158589743376,"Spialia_orbifer"
-28.3085863723379,113.017580448489,94.5982120054037,-2.0917641553623,"Muschampia_cribrellum"
-28.3134187707729,113.0505034667,94.6420852823881,-2.09286576304953,"Muschampia_tessellum"
-28.3134187707729,113.0505034667,94.6420852823881,-2.09286576304952,"Muschampia_proto"
-28.3444438812073,113.26210106558,94.9244889755772,-2.09996052257673,"Carcharodus_orientalis"
-28.3444438812073,113.26210106558,94.9244889755772,-2.09996052257672,"Carcharodus_floccifera"
-28.3428334486532,113.251122691686,94.9098466878452,-2.09959275702775,"Carcharodus_lavatherae"
-28.3443615632479,113.261539773718,94.923740115548,-2.09994171148077,"Carcharodus_baeticus"
-28.3443615632479,113.261539773718,94.923740115548,-2.09994171148076,"Carcharodus_stauderi"
-27.9795031850249,110.771627859366,91.5979205941972,-2.01636425031527,"Erynnis_tages"
-27.9795031850249,110.771627859366,91.5979205941972,-2.01636425031526,"Erynnis_marloyi"
-28.5111066148212,114.418365885868,96.5066586972582,-2.14007829396973,"Pyrgus_sidae"
-28.5111066148212,114.418365885868,96.5066586972582,-2.14007829396973,"Pyrgus_carthami"
-28.5122058916169,114.425892078738,96.5167611147469,-2.14033264353831,"Pyrgus_malvoides"
-28.512205891617,114.425892078738,96.5167611147469,-2.14033264353831,"Pyrgus_malvae"
-28.5124662455361,114.427674602209,96.5191538205558,-2.14039288513611,"Pyrgus_andromedae"
-28.5126221119124,114.428741703595,96.5205861211256,-2.14042894566003,"Pyrgus_cacaliae"
-28.5126221119124,114.428741703595,96.5205861211256,-2.14042894566003,"Pyrgus_centaureae"
-28.5101646955335,114.41192123396,96.4980160836231,-2.13986077188971,"Pyrgus_serratulae"
-28.5128127094923,114.430052059208,96.5223554372139,-2.14047358755197,"Pyrgus_armoricanus"
-28.5152760267663,114.44691812667,96.5449966580515,-2.14104364505819,"Pyrgus_cinarae"
-28.5155562802094,114.448836955088,96.5475724471188,-2.14110849727205,"Pyrgus_cirsii"
-28.5155562802094,114.448836955088,96.5475724471188,-2.14110849727206,"Pyrgus_carlinae"
-28.5148447180628,114.44396505752,96.541032526404,-2.14094383767058,"Pyrgus_onopordi"
-28.51590960389,114.451256201509,96.5508202222331,-2.14119027066181,"Pyrgus_warrenensis"
-28.5159457257493,114.451503520235,96.5511522188138,-2.1411986295596,"Pyrgus_foulquieri"
-28.5159457257493,114.451503520235,96.5511522188138,-2.14119862955961,"Pyrgus_alveus"
-22.5837442846377,65.2668778484625,-66.4845647738233,-36.1673389956696,"Leptidea_duponcheli"
-22.5920582481917,65.3078808835547,-66.5510628703638,-36.2084164295686,"Leptidea_morsei"
-22.5923835695444,65.3094851743474,-66.5536643709697,-36.2100233645471,"Leptidea_juvernica"
-22.5924353560294,65.3097405530927,-66.5540784873747,-36.2102791616725,"Leptidea_sinapis"
-22.5924353560294,65.3097405530927,-66.5540784873747,-36.2102791616725,"Leptidea_reali"
-24.4251114961861,75.1420043646086,-84.7933906421229,-48.1011936132421,"Gonepteryx_rhamni"
-24.4251114961861,75.1420043646086,-84.7933906421228,-48.1011936132422,"Gonepteryx_cleobule"
-24.4254054074621,75.1435468573652,-84.7961604758818,-48.1029775003203,"Gonepteryx_farinosa"
-24.4254341506567,75.1436977049037,-84.7964313475135,-48.1031519520411,"Gonepteryx_cleopatra"
-24.4254341506567,75.1436977049037,-84.7964313475135,-48.1031519520411,"Gonepteryx_maderensis"
-24.4857937542242,75.4639793954286,-85.3807137356942,-48.4816330508783,"Catopsilia_florella"
-24.5779862095907,75.9501090118459,-86.2596259617648,-49.0491099150872,"Colias_hyale"
-24.5779862095907,75.9501090118459,-86.2596259617648,-49.0491099150872,"Colias_alfacariensis"
-24.5786916934029,75.9538282048765,-86.2663479249255,-49.0534495418125,"Colias_chrysotheme"
-24.5791013195092,75.9559876431724,-86.2702508137122,-49.0559691612729,"Colias_aurorina"
-24.5791013195092,75.9559876431724,-86.2702508137122,-49.0559691612729,"Colias_phicomone"
-24.5792556337221,75.9568011483272,-86.2717211186465,-49.0569183592892,"Colias_erate"
-24.5792556337221,75.9568011483272,-86.2717211186465,-49.0569183592892,"Colias_crocea"
-24.5793887480377,75.9575028956154,-86.2729894424159,-49.057737164071,"Colias_caucasica"
-24.5793887480377,75.9575028956154,-86.2729894424159,-49.057737164071,"Colias_myrmidone"
-24.5794650564973,75.957905174253,-86.2737165085864,-49.0582065426812,"Colias_hecla"
-24.5794692132139,75.9579270873379,-86.2737561134762,-49.058232110728,"Colias_palaeno"
-24.5794692132139,75.9579270873379,-86.2737561134762,-49.058232110728,"Colias_tyche"
-24.2707582744681,74.3613152901695,-83.4804026942486,-47.2794283160029,"Aporia_crataegi"
-24.61703531835,76.1938596830783,-86.8138045811702,-49.437111285819,"Pontia_chloridice"
-24.6176252739332,76.1969754736174,-86.8194557350572,-49.440765343576,"Pontia_callidice"
-24.6214272968679,76.2170553020195,-86.8558743668201,-49.4643136667044,"Pontia_edusa"
-24.6214272968679,76.2170553020196,-86.85587436682,-49.4643136667044,"Pontia_daplidice"
-24.6728845197117,76.489495635954,-87.3517616120725,-49.7853722957181,"Pieris_brassicae"
-24.6729455209083,76.4898182432993,-87.3523478662906,-49.7857516390211,"Pieris_wollastoni"
-24.6729455209083,76.4898182432994,-87.3523478662906,-49.7857516390211,"Pieris_cheiranthi"
-24.6716634500523,76.4830414067355,-87.3400417094756,-49.7777908976656,"Pieris_krueperi"
-24.6754617677034,76.503132678675,-87.3765621294741,-49.8014241474733,"Pieris_rapae"
-24.6754617677034,76.503132678675,-87.3765621294741,-49.8014241474733,"Pieris_mannii"
-24.6788476393089,76.5210443945122,-87.4091259923416,-49.8224983176576,"Pieris_ergane"
-24.6793311318898,76.5236018555439,-87.4137747818216,-49.8255066771048,"Pieris_bryoniae"
-24.6793969436142,76.5239499679318,-87.4144075520563,-49.8259161586423,"Pieris_napi"
-24.6793969436142,76.5239499679318,-87.4144075520563,-49.8259161586423,"Pieris_balcana"
-23.9976306244173,72.9210261287646,-80.8753798458716,-45.5970406683835,"Colotis_evagore"
-24.8888152727792,77.6778726945699,-89.6425436632026,-51.3008159882777,"Euchloe_tagis"
-24.8951421378562,77.7115680477657,-89.7044479475781,-51.3410429373333,"Euchloe_charlonia"
-24.8956942132854,77.7145080042329,-89.7098484717934,-51.3445521688993,"Euchloe_bazae"
-24.8956942132854,77.7145080042329,-89.7098484717934,-51.3445521688993,"Euchloe_penia"
-24.9189685772872,77.8386347372544,-89.9383471177592,-51.4931445208602,"Anthocharis_euphenoides"
-24.9196917850327,77.8424886023514,-89.945433236804,-51.4977506565674,"Anthocharis_cardamines"
-24.9197575859422,77.8428392418908,-89.946077949862,-51.4981697322264,"Anthocharis_damone"
-24.9197575859422,77.8428392418908,-89.946077949862,-51.4981697322264,"Anthocharis_gruneri"
-24.9155179964157,77.8202575105292,-89.9045843817345,-51.4712044567378,"Zegris_eupheme"
-24.9155179964157,77.8202575105292,-89.9045843817345,-51.4712044567378,"Zegris_pyrothoe"
-24.9313323061676,77.9045650062967,-90.0596941689821,-51.5720513794982,"Euchloe_eversi"
-24.9314488606112,77.9051863189807,-90.0608369798551,-51.5727943952528,"Euchloe_grancanariensis"
-24.931501886158,77.9054689657,-90.0613570548953,-51.5731324754438,"Euchloe_hesperidum"
-24.931501886158,77.9054689657,-90.0613570548953,-51.5731324754438,"Euchloe_belemia"
-24.93003815283,77.8976646553803,-90.0469959294663,-51.5637947433987,"Euchloe_ausonia"
-24.93003815283,77.8976646553803,-90.0469959294662,-51.5637947433987,"Euchloe_simplonia"
-24.9297547517276,77.8961539756585,-90.0442169779223,-51.5619880645911,"Euchloe_insularis"
-24.9297547517276,77.8961539756585,-90.0442169779223,-51.5619880645911,"Euchloe_crameri"
-33.353352171381,6.68331456347961,-5.48933867247138,3.78295169605453,"Hamearis_lucina"
-82.2854186506985,-36.9890033818584,3.6321048684267,-1.65917397045876,"Cigaritis_acamas"
-83.764216938187,-38.139467627519,3.81567625316051,-1.75511803140704,"Lycaena_dimorpha"
-83.8088985214431,-38.174192494598,3.82120880180164,-1.75800806197645,"Lycaena_phlaeas"
-83.8158145787355,-38.1795671469316,3.82206498004447,-1.75845528894624,"Lycaena_bleusei"
-83.8164908712554,-38.1800926871523,3.82214870067427,-1.75849901985587,"Lycaena_virgaureae"
-83.8173241743446,-38.1807402368876,3.8222518574811,-1.75855290304236,"Lycaena_ottomana"
-83.8173241743446,-38.1807402368876,3.8222518574811,-1.75855290304236,"Lycaena_tityrus"
-83.8177168355369,-38.1810467574714,3.82230100347611,-1.75857863428325,"Lycaena_helle"
-83.8191924378858,-38.1821935374305,3.8224837137312,-1.7586740762676,"Lycaena_alciphron"
-83.8220449967402,-38.1844104473537,3.82283692512289,-1.75885858317593,"Lycaena_dispar"
-83.8267258292021,-38.1880482066293,3.8234165098507,-1.75916133970887,"Lycaena_thetis"
-83.8267258292021,-38.1880482066294,3.8234165098507,-1.75916133970889,"Lycaena_thersamon"
-83.8276347150047,-38.1887545590777,3.82352904968049,-1.75922012700794,"Lycaena_hippothoe"
-83.8276347150047,-38.1887545590777,3.8235290496805,-1.75922012700795,"Lycaena_candens"
-87.1707988950442,-41.3798216755445,4.55942646405692,-2.21489338102182,"Laeosopis_roboris"
-87.5445133093628,-41.6849362515838,4.6135589508585,-2.24487828466477,"Thecla_betulae"
-87.5445133093628,-41.6849362515838,4.61355895085851,-2.24487828466478,"Favonius_quercus"
-88.019250067301,-42.0728376633254,4.6824577878495,-2.28305840319389,"Tomares_ballus"
-88.0206883085757,-42.0740104530964,4.68266549370866,-2.28317338088518,"Tomares_nogelii"
-88.0206883085757,-42.0740104530964,4.68266549370866,-2.2831733808852,"Tomares_callimachus"
-88.1872319132582,-42.2101474847029,4.7068602975453,-2.29658376609152,"Callophrys_avis"
-88.188496698983,-42.2111802159285,4.70704355050237,-2.29668527893963,"Callophrys_rubi"
-88.1885147053619,-42.211194918542,4.70704615938823,-2.2966867241263,"Callophrys_suaveola"
-88.1885147053619,-42.211194918542,4.70704615938823,-2.2966867241263,"Callophrys_chalybeitincta"
-88.2187431317563,-42.2359058459472,4.71143826063024,-2.29912119524494,"Neolycaena_rhymnus"
-88.2187431317563,-42.2359058459472,4.71143826063025,-2.29912119524494,"Satyrium_pruni"
-88.2291069589712,-42.2443724339231,4.71294169297541,-2.2999542385452,"Satyrium_w-album"
-88.2360972455944,-42.2500825620964,4.71395552940391,-2.30051597436641,"Satyrium_acaciae"
-88.2360972455944,-42.2500825620964,4.71395552940392,-2.30051597436642,"Satyrium_spini"
-88.2359778457024,-42.2499850462521,4.71393821994785,-2.30050638464051,"Satyrium_ledereri"
-88.2377709825009,-42.2514497867488,4.71419828234967,-2.30065047665694,"Satyrium_ilicis"
-88.2377709825009,-42.2514497867488,4.71419828234968,-2.30065047665693,"Satyrium_esculi"
-95.9733502544646,-49.6010329750205,6.40080254967763,-3.34366960833629,"Azanus_jesous"
-95.9733502544646,-49.6010329750205,6.40080254967763,-3.34366960833629,"Azanus_ubaldus"
-97.7451801515111,-51.2077221685504,6.74512154382183,-3.55124411170536,"Zizeeria_knysna"
-97.7451801515111,-51.2077221685504,6.74512154382183,-3.55124411170535,"Zizeeria_karsandra"
-97.7450599118445,-51.2076146574021,6.74509899352761,-3.55123062923315,"Tarucus_theophrastus"
-97.7450599118445,-51.2076146574021,6.7450989935276,-3.55123062923315,"Tarucus_balkanicus"
-97.8122472405235,-51.2681409954306,6.75793118347436,-3.55893288377966,"Celastrina_argiolus"
-97.8336089316171,-51.2872496524771,6.76194173757072,-3.56133129545306,"Cacyreus_marshalli"
-97.8336089316171,-51.2872496524771,6.76194173757072,-3.56133129545305,"Lampides_boeticus"
-98.2565714548891,-51.6669704138747,6.84205239693813,-3.60933038966372,"Phengaris_alcon"
-98.2576053843451,-51.6678978983488,6.84224784738027,-3.6094474469957,"Phengaris_arion"
-98.2585374303022,-51.6687339853162,6.84242403652931,-3.60955296833202,"Phengaris_teleius"
-98.2585374303021,-51.6687339853162,6.84242403652931,-3.60955296833201,"Phengaris_nausithous"
-98.290830670322,-51.6977350855829,6.84854540547606,-3.61322127030824,"Scolitantides_orion"
-98.290830670322,-51.6977350855828,6.84854540547605,-3.61322127030824,"Praephilotes_anthracias"
-98.305692766143,-51.711073096881,6.85135785292112,-3.61490606430593,"Iolana_iolas"
-98.305692766143,-51.711073096881,6.85135785292112,-3.61490606430594,"Iolana_debilitata"
-98.3107059863785,-51.7155723560448,6.85230664120908,-3.61547444592789,"Glaucopsyche_melanops"
-98.3115514789678,-51.7163310919432,6.85246661797739,-3.61557027671246,"Glaucopsyche_alexis"
-98.3115514789678,-51.7163310919432,6.85246661797739,-3.61557027671248,"Glaucopsyche_paphos"
-98.2818710881751,-51.6896969234902,6.84685121211827,-3.61220653511588,"Turanana_taygetica"
-98.3142866595024,-51.7187925994295,6.85298783003355,-3.61588296394963,"Pseudophilotes_bavius"
-98.3316084308266,-51.734339618259,6.85626666269087,-3.61784725550732,"Pseudophilotes_barbagiae"
-98.3316084308266,-51.734339618259,6.85626666269087,-3.61784725550732,"Pseudophilotes_abencerragus"
-98.3322330467662,-51.7349002231693,6.85638488877968,-3.61791808176602,"Pseudophilotes_panoptes"
-98.3322848609412,-51.7349467270491,6.85639469588839,-3.61792395693394,"Pseudophilotes_baton"
-98.3322848609412,-51.7349467270491,6.85639469588839,-3.61792395693396,"Pseudophilotes_vicrama"
-99.0226073973902,-52.4125960828159,7.01868274031968,-3.71974720216813,"Leptotes_pirithous"
-99.0226073973902,-52.4125960828159,7.01868274031968,-3.71974720216813,"Cyclyrius_webbianus"
-100.166992094969,-53.4682514480459,7.25084376603795,-3.86109359299048,"Tongeia_fischeri"
-100.217870729157,-53.5146022882177,7.26085236703848,-3.86714580326951,"Cupido_argiades"
-100.219228599672,-53.5158393270212,7.26111937914728,-3.86730726059022,"Cupido_decoloratus"
-100.219228599672,-53.5158393270212,7.26111937914728,-3.86730726059023,"Cupido_alcetas"
-100.218532359923,-53.5152050032653,7.26098250109211,-3.86722449301822,"Cupido_osiris"
-100.219371130592,-53.5159689632127,7.26114751840328,-3.86732427349498,"Cupido_minimus"
-100.219371130592,-53.5159689632127,7.26114751840328,-3.86732427349496,"Cupido_lorquinii"
-101.247343686306,-54.469708697758,7.47263361495351,-3.99647219807999,"Luthrodes_galba"
-101.655882412376,-54.8474473249661,7.5559850712793,-4.04728143518672,"Freyeria_trochylus"
-102.124606394322,-55.280802944369,7.65159919188137,-4.10556356520995,"Plebejus_argus"
-102.130123094881,-55.2858974481248,7.65272135664819,-4.10624717188958,"Plebejus_idas"
-102.130327349067,-55.2860860670047,7.65276290253869,-4.10627248079901,"Plebejus_bellieri"
-102.130327349067,-55.2860860670047,7.65276290253869,-4.10627248079901,"Plebejus_argyrognomon"
-102.223596076011,-55.3723361485692,7.67179896290782,-4.11787736355918,"Plebejidea_loewii"
-102.223596076011,-55.3723361485692,7.67179896290781,-4.11787736355918,"Eumedonia_eumedon"
-102.237819958985,-55.3854818221308,7.67469771833479,-4.11964396515227,"Kretania_eurypilus"
-102.237819958985,-55.3854818221308,7.6746977183348,-4.11964396515227,"Kretania_hesperica"
-102.239452134658,-55.386990118135,7.67503038310649,-4.11984669793206,"Kretania_trappi"
-102.239627525434,-55.3871522056298,7.67506612379938,-4.11986847904164,"Kretania_sephirus"
-102.239627525434,-55.3871522056298,7.67506612379938,-4.11986847904166,"Kretania_pylaon"
-102.23149053105,-55.3796328493373,7.67340812266961,-4.11885808521277,"Cyaniris_semiargus"
-102.238448253158,-55.3860631895603,7.67482614108706,-4.11972227963476,"Agriades_optilete"
-102.238619223332,-55.3862211934193,7.67486098185355,-4.11974351242759,"Kretania_psylorita"
-102.238619223332,-55.3862211934193,7.67486098185355,-4.11974351242758,"Agriades_orbitulus"
-102.246425848802,-55.3934361906061,7.67645217099273,-4.12071325626255,"Agriades_dardanus"
-102.246425848802,-55.3934361906061,7.67645217099273,-4.12071325626254,"Agriades_pyrenaicus"
-102.247501043207,-55.3944300011388,7.67667125487279,-4.12084677661364,"Agriades_zullichi"
-102.247607611125,-55.3945284913403,7.6766929739056,-4.1208600130142,"Agriades_aquilo"
-102.247607611125,-55.3945284913403,7.67669297390561,-4.12086001301419,"Agriades_glandon"
-102.22222161981,-55.3710798698583,7.67152635039108,-4.11771220664495,"Glabroculus_cyane"
-102.245867048304,-55.3929340824213,7.67634597710883,-4.12064954570169,"Aricia_morronensis"
-102.246568194527,-55.3935820844225,7.67648887495575,-4.12073663320415,"Aricia_anteros"
-102.246568194527,-55.3935820844225,7.67648887495575,-4.12073663320416,"Aricia_cramera"
-102.249196158438,-55.3960110084029,7.67702455013558,-4.12106310495623,"Aricia_nicias"
-102.250312925737,-55.3970431508,7.67725216576297,-4.12120182429344,"Aricia_artaxerxes"
-102.250411303615,-55.3971340735802,7.67727221661223,-4.12121404417031,"Aricia_montensis"
-102.250411303615,-55.3971340735802,7.67727221661223,-4.12121404417032,"Aricia_agestis"
-102.264957234807,-55.4106080445667,7.68025316007397,-4.12303289371826,"Neolysandra_coelestina"
-102.312372731212,-55.4544564909813,7.68993113377016,-4.12893291348796,"Lysandra_bellargus"
-102.31265428153,-55.4547167212659,7.6899886334835,-4.12896796317547,"Lysandra_corydonius"
-102.312907715229,-55.4549510508491,7.69004034122874,-4.12899948327305,"Lysandra_coridon"
-102.31292860156,-55.4549703627339,7.69004460263359,-4.12900208094685,"Lysandra_caelestissima"
-102.312938909408,-55.4549799901294,7.69004665041771,-4.12900333033433,"Lysandra_hispana"
-102.312938909408,-55.4549799901294,7.69004665041771,-4.12900333033432,"Lysandra_albicans"
-102.325858014861,-55.4669349321869,7.69268771733033,-4.13061395642592,"Polyommatus_escheri"
-102.331083716268,-55.4717682385884,7.6937547277889,-4.13126449342431,"Polyommatus_thersites"
-102.33789482988,-55.478067844279,7.69514542086472,-4.13211236929927,"Polyommatus_amandus"
-102.33789482988,-55.478067844279,7.69514542086471,-4.13211236929926,"Polyommatus_daphnis"
-102.344466750101,-55.4841462134415,7.69648727204401,-4.13293046686761,"Polyommatus_icarus"
-102.34491275854,-55.4845585993711,7.69657837665238,-4.13298600811915,"Polyommatus_eros"
-102.34491275854,-55.4845585993711,7.69657837665239,-4.13298600811915,"Polyommatus_celina"
-102.34696717487,-55.4864587426192,7.69699774643908,-4.13324168406674,"Polyommatus_nivescens"
-102.34703850214,-55.4865247086757,7.69701230757017,-4.13325056135479,"Polyommatus_dorylas"
-102.34703850214,-55.4865247086757,7.69701230757017,-4.13325056135478,"Polyommatus_golgus"
-102.351804124767,-55.4909332621367,7.69798579442102,-4.13384413326323,"Polyommatus_damon"
-102.359432512533,-55.497989102999,7.69954353950766,-4.13479388082808,"Polyommatus_iphigenia"
-102.360132607063,-55.498636641347,7.69968649564561,-4.13488103955026,"Polyommatus_damocles"
-102.361002516455,-55.4994412453373,7.69986412656816,-4.13498933900809,"Polyommatus_admetus"
-102.361054554299,-55.4994893764773,7.69987475234467,-4.13499581740737,"Polyommatus_nephohiptamenos"
-102.361054554299,-55.4994893764773,7.69987475234466,-4.13499581740737,"Polyommatus_ripartii"
-102.359401058434,-55.4979600427953,7.69953713422205,-4.13478997788474,"Polyommatus_damone"
-102.363593830354,-55.501838165929,7.70039333458747,-4.13531200067792,"Polyommatus_violetae"
-102.364647279047,-55.5028125539033,7.70060845573991,-4.1354431591114,"Polyommatus_fulgens"
-102.364654370277,-55.5028191129252,7.70060990380748,-4.13544404199085,"Polyommatus_fabressei"
-102.364654370277,-55.5028191129252,7.70060990380748,-4.13544404199084,"Polyommatus_dolus"
-102.364714924899,-55.5028751232209,7.70062226960084,-4.13545158137985,"Polyommatus_humedasae"
-102.364769167212,-55.5029252946185,7.70063334620518,-4.1354583347332,"Polyommatus_orphicus"
-102.364780969065,-55.5029362107337,7.70063575621296,-4.13545980410342,"Polyommatus_aroaniensis"
-102.364780969065,-55.5029362107337,7.70063575621296,-4.1354598041034,"Polyommatus_timfristos"
23.9020082928765,12.0108273851659,-22.3191906692709,67.940871798447,"Neptis_rivularis"
23.9020082928765,12.0108273851659,-22.3191906692709,67.940871798447,"Neptis_sappho"
23.9354256820398,12.0395548138308,-22.4044851566126,68.2360862674544,"Limenitis_populi"
23.9358918983237,12.0399548866576,-22.4056699589962,68.2401831748453,"Limenitis_reducta"
23.9358918983237,12.0399548866576,-22.4056699589962,68.2401831748453,"Limenitis_camilla"
25.9792189902106,13.9265055900454,-28.6722236247468,90.9133586042388,"Issoria_eugenia"
25.9792189902106,13.9265055900454,-28.6722236247467,90.9133586042388,"Issoria_lathonia"
25.9926330520505,13.9387798728518,-28.7124685705499,91.0582777759125,"Brenthis_hecate"
25.9927606411075,13.9388962212401,-28.712850593968,91.0596531891395,"Brenthis_daphne"
25.9927606411075,13.9388962212401,-28.712850593968,91.0596531891395,"Brenthis_ino"
25.9936604731761,13.9397200995596,-28.715552060277,91.0693820130898,"Argynnis_pandora"
25.9938547367914,13.9398978231023,-28.716134657365,91.0714797285033,"Argynnis_paphia"
25.9938547367914,13.9398978231023,-28.716134657365,91.0714797285033,"Argynnis_laodice"
25.9951137382218,13.9410494290407,-28.7199111940101,91.0850786051555,"Speyeria_aglaja"
25.9962086969853,13.942051590345,-28.7231960130494,91.0969064505531,"Fabriciana_adippe"
25.9963164351669,13.9421501597378,-28.7235191543787,91.0980699887118,"Fabriciana_elisa"
25.9963164351669,13.9421501597378,-28.7235191543787,91.0980699887117,"Fabriciana_niobe"
26.0038160427947,13.9490452243809,-28.7462843401928,91.1802518454845,"Boloria_eunomia"
26.0123681741161,13.956873466209,-28.7719662270474,91.272749182529,"Boloria_graeca"
26.0125330539299,13.9570243812065,-28.7724612888623,91.2745321718488,"Boloria_pales"
26.0126097973878,13.9570946246275,-28.7726917150282,91.275362062327,"Boloria_napaea"
26.012616225479,13.9571005082644,-28.7727110156527,91.2754315743798,"Boloria_aquilonaris"
26.012616225479,13.9571005082644,-28.7727110156527,91.2754315743797,"Boloria_alaskensis"
26.0186214609939,13.9626032010387,-28.7907906228013,91.340583685687,"Boloria_polaris"
26.0186214609939,13.9626032010387,-28.7907906228013,91.3405836856871,"Boloria_tritonia"
26.0217677004386,13.9654840440082,-28.8002460176982,91.3746444149305,"Boloria_frigga"
26.0217677004386,13.9654840440082,-28.8002460176982,91.3746444149305,"Boloria_improba"
26.021529277804,13.9652657479906,-28.7995296042116,91.3720638031795,"Boloria_selene"
26.021529277804,13.9652657479906,-28.7995296042116,91.3720638031795,"Boloria_thore"
26.0214429357572,13.9651868663697,-28.7992715330041,91.3711352557701,"Boloria_dia"
26.0244411603485,13.9679322313207,-28.8082825075431,91.4035953859035,"Boloria_freija"
26.0244411603485,13.9679322313207,-28.8082825075431,91.4035953859035,"Boloria_euphrosyne"
26.025878947071,13.9692487720802,-28.8126037793574,91.4191619268285,"Boloria_oscarus"
26.025878947071,13.9692487720802,-28.8126037793574,91.4191619268285,"Boloria_selenis"
26.0264382455318,13.9697609072647,-28.8142847631688,91.4252173522775,"Boloria_titania"
26.0265635454594,13.9698756382408,-28.8146613314313,91.4265738499658,"Boloria_chariclea"
26.0265635454594,13.9698756382408,-28.8146613314313,91.4265738499658,"Boloria_angarensis"
24.3336497214281,12.4047177359236,-23.5926827428232,72.4827296998718,"Apatura_iris"
24.3343056211047,12.4052881455881,-23.5944091441036,72.4887514611251,"Apatura_metis"
24.3343056211047,12.4052881455881,-23.5944091441036,72.4887514611252,"Apatura_ilia"
25.5243612027145,13.4928003834487,-27.1434798134866,85.2312982226258,"Araschnia_levana"
25.6285903023228,13.5871651725328,-27.4472757462823,86.3165595159663,"Vanessa_cardui"
25.6285903023228,13.5871651725328,-27.4472757462823,86.3165595159663,"Vanessa_virginiensis"
25.627677775933,13.586339780063,-27.4446220325173,86.3070841733403,"Vanessa_vulcania"
25.627677775933,13.586339780063,-27.4446220325173,86.3070841733403,"Vanessa_atalanta"
25.6595896103334,13.6152629533522,-27.5378851215696,86.6404438061002,"Aglais_io"
25.6615229358762,13.617013122917,-27.5435187803177,86.6605680827851,"Aglais_urticae"
25.6615229358762,13.617013122917,-27.5435187803177,86.6605680827852,"Aglais_ichnusa"
25.6666579355152,13.6216648226247,-27.5585044983713,86.7141161936002,"Polygonia_egea"
25.6666579355152,13.6216648226247,-27.5585044983713,86.7141161936002,"Polygonia_c-album"
25.6685252877067,13.6233558501283,-27.5639504600135,86.7335734729394,"Nymphalis_vaualbum"
25.6700067843888,13.6246969271946,-27.5682693078457,86.7490027819407,"Nymphalis_polychloros"
25.6702466958558,13.6249141546675,-27.5689687501678,86.7515015609589,"Nymphalis_xanthomelas"
25.6702466958558,13.6249141546675,-27.5689687501679,86.7515015609589,"Nymphalis_antiopa"
25.5681095252177,13.5343074435195,-27.2862678772312,85.7537714769839,"Hypolimnas_misippus"
25.8065587990146,13.7516087793276,-27.9926918126241,88.2866120530073,"Euphydryas_desfontainii"
25.8065587990146,13.7516087793276,-27.9926918126241,88.2866120530073,"Euphydryas_aurinia"
25.808313029767,13.753203789298,-27.9978599999429,88.3051199230801,"Euphydryas_cynthia"
25.8097894068736,13.7545460020514,-28.0022083150368,88.3206907549723,"Euphydryas_iduna"
25.8098325246795,13.7545852007767,-28.0023353019777,88.3211454762826,"Euphydryas_intermedia"
25.8098325246795,13.7545852007767,-28.0023353019777,88.3211454762826,"Euphydryas_maturna"
25.9061187186647,13.8426923986317,-28.2904563983678,89.3564146149524,"Melitaea_didyma"
25.903638472662,13.8404298802765,-28.2830882491638,89.3299804216356,"Melitaea_trivia"
25.9168756768256,13.8525061087165,-28.3224080789207,89.4710401321789,"Melitaea_arduinna"
25.9212155376189,13.8564636311663,-28.3352880651369,89.5172388025394,"Melitaea_aetherie"
25.9216366292144,13.8568476382096,-28.3365376701981,89.5217208265599,"Melitaea_ornata"
25.9216366292144,13.8568476382096,-28.3365376701981,89.52172082656,"Melitaea_phoebe"
25.9233452052466,13.8584119214039,-28.3416544500302,89.5401089334056,"Melitaea_cinxia"
25.9389181724577,13.8726227097464,-28.3879413750412,89.70618534822,"Melitaea_diamina"
25.9435172524742,13.8768192839853,-28.4016092943024,89.7552241825988,"Melitaea_asteria"
25.9435172524742,13.8768192839853,-28.4016092943024,89.7552241825988,"Melitaea_aurelia"
25.94336256852,13.8766785110971,-28.4011501737552,89.7535770013357,"Melitaea_varia"
25.94336256852,13.8766785110971,-28.4011501737552,89.7535770013357,"Melitaea_parthenoides"
25.9429302167785,13.8762836276361,-28.3998647153654,89.7489648616821,"Melitaea_deione"
25.9432665522359,13.8765908920816,-28.4008647775741,89.7525529982144,"Melitaea_celadussa"
25.9433082206577,13.8766289127861,-28.4009886036652,89.7529972654205,"Melitaea_athalia"
25.9433082206577,13.8766289127861,-28.4009886036652,89.7529972654205,"Melitaea_britomartis"
25.754486152971,5.32977423256574,-9.56197748083728,24.6972824981451,"Libythea_celtis"
25.8566336587894,5.36603978545185,-9.66635376017181,25.0042639322433,"Danaus_plexippus"
25.8566336587894,5.36603978545184,-9.66635376017182,25.0042639322433,"Danaus_chrysippus"
49.457446694745,-9.23608903302059,-1.10089396548451,5.46515646173778,"Charaxes_jasius"
72.3513855897133,-23.1791509457792,6.89101364665411,-12.609398832072,"Lasiommata_maera"
72.3648811896032,-23.1865292235794,6.89450573809226,-12.6166547603033,"Lasiommata_deidamia"
72.3759788986669,-23.1925962117401,6.89737713828198,-12.6226208764593,"Lasiommata_petropolitana"
72.3769161842877,-23.1931085871303,6.89761961790702,-12.623124679749,"Lasiommata_paramegaera"
72.3769161842877,-23.1931085871303,6.89761961790702,-12.623124679749,"Lasiommata_megera"
72.3479003787813,-23.177237085141,6.89010206470266,-12.6075003871494,"Pararge_xiphia"
72.3525157270687,-23.1797596342003,6.89129553146387,-12.6099798273227,"Pararge_xiphioides"
72.3525157270687,-23.1797596342003,6.89129553146386,-12.6099798273227,"Pararge_aegeria"
72.3273228749879,-23.1659881584073,6.88477870490246,-12.5964399882491,"Lopinga_achine"
72.3406778293639,-23.17328728553,6.88823198748215,-12.6036141627738,"Kirinia_climene"
72.3406778293639,-23.17328728553,6.88823198748214,-12.6036141627738,"Kirinia_roxelana"
74.2011607174802,-24.3097610183702,7.54168797815262,-14.0826081093713,"Coenonympha_phryne"
74.2011607174802,-24.3097610183702,7.54168797815262,-14.0826081093713,"Coenonympha_oedippus"
74.296983415315,-24.3633967180795,7.56822368088419,-14.1389079032255,"Coenonympha_glycerion"
74.3224483618224,-24.3776474884684,7.57527182328211,-14.1538600212706,"Coenonympha_thyrsis"
74.3224483618224,-24.3776474884684,7.57527182328211,-14.1538600212706,"Coenonympha_pamphilus"
74.3276228017443,-24.3805432000886,7.5767040050135,-14.1568982858103,"Coenonympha_tullia"
74.328920631078,-24.3812694327181,7.57706315040235,-14.1576601545685,"Coenonympha_amaryllis"
74.328920631078,-24.3812694327181,7.57706315040234,-14.1576601545685,"Coenonympha_rhodopensis"
74.3137409495263,-24.3727751972943,7.57286261982294,-14.1487494176685,"Coenonympha_dorus"
74.330561439963,-24.3821893716617,7.57751954112798,-14.1586293338823,"Coenonympha_corinna"
74.3420775420063,-24.3886345778972,7.58070767057567,-14.1653930274482,"Coenonympha_hero"
74.3425199752705,-24.3888821885239,7.580830147535,-14.16565286222,"Coenonympha_leander"
74.3442636752336,-24.3898580612814,7.5813128485495,-14.166676911952,"Coenonympha_gardetta"
74.344654467354,-24.3900766863911,7.58142111822635,-14.1669066047664,"Coenonympha_arcania"
74.344654467354,-24.3900766863911,7.58142111822635,-14.1669066047664,"Coenonympha_orientalis"
79.2151858273803,-27.5021644299651,9.49508745965264,-18.6094865751682,"Proterebia_phegea"
79.2151858273803,-27.5021644299651,9.49508745965264,-18.6094865751682,"Ypthima_asterope"
82.4583404784302,-29.5098200733242,10.6746835609852,-21.3026574806331,"Melanargia_arge"
82.459092856712,-29.5102794070788,10.6749479646089,-21.3032565342687,"Melanargia_occitanica"
82.459092856712,-29.5102794070788,10.6749479646089,-21.3032565342687,"Melanargia_pherusa"
82.4402989543413,-29.4988047511367,10.6683422101911,-21.2882894692498,"Melanargia_ines"
82.465814789445,-29.5143853612281,10.6773132240914,-21.3086169160125,"Melanargia_russiae"
82.4707073263535,-29.5173726535687,10.6790330734718,-21.3125137827312,"Melanargia_larissa"
82.4711609095385,-29.5176495456148,10.6791926468684,-21.3128753540388,"Melanargia_lachesis"
82.4711609095385,-29.5176495456148,10.6791926468684,-21.3128753540388,"Melanargia_galathea"
84.1020090560095,-30.532128938488,11.2793621590604,-22.6865476786692,"Oeneis_tarpeia"
84.144433255211,-30.5584150329418,11.2948253161142,-22.7218665738675,"Oeneis_bore"
84.144433255211,-30.5584150329418,11.2948253161142,-22.7218665738675,"Oeneis_ammon"
84.1528561075576,-30.5636337682157,11.2978952034381,-22.7288783418114,"Oeneis_melissa"
84.1529608878984,-30.5636987317356,11.2979332439861,-22.7289652132955,"Oeneis_jutta"
84.1529608878984,-30.5636987317356,11.2979332439861,-22.7289652132955,"Oeneis_magna"
84.1524569320521,-30.5633864491,11.2977497254487,-22.7285460680895,"Oeneis_norna"
84.1526951945866,-30.5635340690468,11.2978365571323,-22.7287443917744,"Oeneis_polixenes"
84.1526951945866,-30.5635340690468,11.2978365571323,-22.7287443917743,"Oeneis_glacialis"
84.0992959771837,-30.5304623933948,11.2783940455674,-22.684346672994,"Arethusana_arethusa"
84.1025085366047,-30.532452113031,11.2795638489957,-22.6870180305442,"Minois_dryas"
84.1025085366047,-30.532452113031,11.2795638489957,-22.6870180305442,"Brintesia_circe"
84.1641127480162,-30.570648841446,11.3020560104988,-22.7384104041065,"Satyrus_ferula"
84.164768302982,-30.5710550455246,11.3022949807533,-22.7389562431894,"Satyrus_actaea"
84.164768302982,-30.5710550455246,11.3022949807533,-22.7389562431894,"Satyrus_virbius"
84.191863731323,-30.5878606744931,11.3121955505171,-22.7615819307226,"Chazara_briseis"
84.1927254080524,-30.588394727849,11.3125098435166,-22.7622999074758,"Chazara_persephone"
84.1927254080524,-30.588394727849,11.3125098435166,-22.7622999074758,"Chazara_prieuri"
84.2414841774168,-30.6186334022567,11.3303212616671,-22.8030018107222,"Pseudochazara_geyeri"
84.241665167471,-30.6187456217479,11.33038734109,-22.803152795188,"Pseudochazara_graeca"
84.241665167471,-30.6187456217479,11.33038734109,-22.803152795188,"Pseudochazara_amymone"
84.2458759239736,-30.6213567056988,11.331925092428,-22.8066665921444,"Pseudochazara_anthelea"
84.2458759239736,-30.6213567056988,11.331925092428,-22.8066665921444,"Pseudochazara_amalthea"
84.2487350251381,-30.6231296056074,11.3329689800151,-22.8090518374633,"Pseudochazara_cingovskii"
84.2487412587137,-30.6231334263481,11.3329714021151,-22.8090573852145,"Pseudochazara_orestes"
84.2487412587137,-30.6231334263481,11.3329714021151,-22.8090573852145,"Pseudochazara_tisiphone"
84.2486934576233,-30.6231037864423,11.3329539474666,-22.8090175019804,"Pseudochazara_euxina"
84.2487064012511,-30.6231118568538,11.3329585279405,-22.8090279548477,"Pseudochazara_williamsi"
84.2487064012511,-30.6231118568538,11.3329585279405,-22.8090279548478,"Pseudochazara_mercurius"
84.1086449779408,-30.5363386796012,11.2819226996831,-22.6924669624024,"Hipparchia_statilinus"
84.1086449779408,-30.5363386796013,11.2819226996831,-22.6924669624024,"Hipparchia_fatua"
84.1162183475833,-30.5410300972158,11.2846815807981,-22.6987677081606,"Hipparchia_tamadabae"
84.1187959210899,-30.5426267316068,11.2856202404447,-22.7009113261766,"Hipparchia_wyssii"
84.1209087914776,-30.5439354246635,11.2863899262072,-22.7026690774865,"Hipparchia_tilosi"
84.1209087914776,-30.5439354246635,11.2863899262072,-22.7026690774865,"Hipparchia_bacchus"
84.1207360573816,-30.5438284757868,11.2863268681993,-22.7025250580139,"Hipparchia_fidia"
84.1207360573816,-30.5438284757868,11.2863268681993,-22.7025250580139,"Hipparchia_gomera"
84.3014373392446,-30.6560803962945,11.3526046822128,-22.8541129414501,"Hipparchia_neomiris"
84.3051059926062,-30.6583563280217,11.3539459148107,-22.8571784186328,"Hipparchia_fagi"
84.3051059926062,-30.6583563280217,11.3539459148107,-22.8571784186328,"Hipparchia_syriaca"
84.3049453386916,-30.6582566191043,11.3538873280544,-22.857044528525,"Hipparchia_autonoe"
84.3049453386916,-30.6582566191043,11.3538873280544,-22.857044528525,"Hipparchia_hermione"
84.32505317189,-30.6707362550144,11.3612459679845,-22.8738668626627,"Hipparchia_mersina"
84.3256848191161,-30.671128178012,11.3614769886717,-22.874394922595,"Hipparchia_miguelensis"
84.3256848191161,-30.671128178012,11.3614769886717,-22.874394922595,"Hipparchia_azorina"
84.3349871064638,-30.6769007265601,11.3648802208869,-22.8821744073022,"Hipparchia_maderensis"
84.3349871064638,-30.6769007265601,11.3648802208869,-22.8821744073022,"Hipparchia_senthes"
84.3382745919148,-30.6789407533547,11.3660829049545,-22.8849236164576,"Hipparchia_aristaeus"
84.3383848273514,-30.679009158698,11.3661232324355,-22.8850158004763,"Hipparchia_neapolitana"
84.3383814995934,-30.6790070936962,11.3661220150409,-22.8850130176518,"Hipparchia_blachieri"
84.3384057653049,-30.6790221515035,11.3661308921726,-22.8850333097591,"Hipparchia_volgensis"
84.3384057653049,-30.6790221515035,11.3661308921726,-22.8850333097591,"Hipparchia_semele"
84.3383906007649,-30.6790127416857,11.366125345044,-22.8850206299119,"Hipparchia_leighebi"
84.3384553711993,-30.6790529342881,11.3661490401106,-22.8850747941632,"Hipparchia_pellucida"
84.338508291605,-30.6790857734805,11.3661684000617,-22.8851190488287,"Hipparchia_cretica"
84.3385561125328,-30.6791154482425,11.3661858944575,-22.8851590390421,"Hipparchia_christenseni"
84.3385603995588,-30.6791181085098,11.3661874627854,-22.8851626240621,"Hipparchia_cypriensis"
84.3385603995588,-30.6791181085098,11.3661874627854,-22.8851626240621,"Hipparchia_sbordonii"
82.1792225995155,-29.3396535027065,10.5770978591119,-21.0819929214378,"Hyponephele_huebneri"
82.1841128412598,-29.3426322575894,10.5788067624734,-21.0858601845008,"Hyponephele_lupina"
82.1841128412598,-29.3426322575894,10.5788067624734,-21.0858601845008,"Hyponephele_lycaon"
82.4259188621995,-29.4905012567724,10.6641287412859,-21.2793451453628,"Pyronia_bathseba"
82.4259188621995,-29.4905012567724,10.6641287412859,-21.2793451453628,"Aphantopus_hyperantus"
82.4278324429086,-29.4916693496055,10.6648012221655,-21.2808687510361,"Pyronia_tithonus"
82.4278324429086,-29.4916693496055,10.6648012221655,-21.2808687510361,"Pyronia_cecilia"
82.5213410025069,-29.5488052656069,10.697731002952,-21.3555121273668,"Maniola_cypricola"
82.5213687864234,-29.5488221856554,10.6977409160198,-21.3555346051584,"Maniola_halicarnassus"
82.5213687864234,-29.5488221856554,10.6977409160198,-21.3555346051584,"Maniola_telmessia"
82.5212891217875,-29.5487735742398,10.6977127452914,-21.3554707480212,"Maniola_jurtina"
82.5212891217875,-29.5487735742398,10.6977127452914,-21.3554707480212,"Maniola_chia"
82.5211589504095,-29.5486940604598,10.69766693797,-21.3553669308575,"Maniola_nurag"
82.5211589504095,-29.5486940604598,10.69766693797,-21.3553669308575,"Maniola_megala"
84.3350412674869,-30.6850066568272,11.3770476324932,-22.916573021829,"Erebia_edda"
84.3363212152851,-30.6858011268926,11.3775163826893,-22.9176449969912,"Erebia_fasciata"
84.3363212152851,-30.6858011268926,11.3775163826893,-22.9176449969912,"Erebia_discoidalis"
84.3356626491252,-30.6853925575779,11.3772754939774,-22.9170942583362,"Erebia_rossii"
84.3402410759397,-30.6882345537808,11.3789524388136,-22.9209293297721,"Erebia_cyclopius"
84.3413247312512,-30.6889071610456,11.3793494783495,-22.9218373396158,"Erebia_embla"
84.3413247312512,-30.6889071610456,11.3793494783495,-22.9218373396158,"Erebia_disa"
84.5994688058994,-30.849974136318,11.4750941072363,-23.1413925796152,"Erebia_epistygne"
84.7731972745327,-30.9582280272296,11.5393233149209,-23.2885777357334,"Erebia_ottomana"
84.7824980540721,-30.9640227792218,11.5427608232292,-23.296454459263,"Erebia_callias"
84.7835624166271,-30.9646859131611,11.5431541963478,-23.2973558322295,"Erebia_rondoui"
84.7837803738137,-30.964821707815,11.5432347501092,-23.2975404126267,"Erebia_hispania"
84.7844784493334,-30.9652566321981,11.5434927483355,-23.2981315880939,"Erebia_nivalis"
84.7844790016812,-30.9652569763288,11.5434929524744,-23.298132055856,"Erebia_calcarius"
84.7844790016812,-30.9652569763288,11.5434929524743,-23.298132055856,"Erebia_tyndarus"
84.784475290642,-30.965254706529,11.5434914317488,-23.2981285571352,"Erebia_arvernensis"
84.7844789648981,-30.9652569957105,11.5434927896946,-23.2981316687214,"Erebia_cassioides"
84.7844789648981,-30.9652569957105,11.5434927896946,-23.2981316687214,"Erebia_neleus"
84.7228420465242,-30.9268540872573,11.520711413069,-23.2459298761588,"Erebia_claudina"
84.7795147664457,-30.9621682006545,11.5416641763158,-23.2939445321761,"Erebia_christi"
84.7802660481213,-30.9626362777504,11.5419418438358,-23.2945807802923,"Erebia_pharte"
84.7823050268873,-30.9639066352014,11.5426954278702,-23.2963075420032,"Erebia_epiphron"
84.7823050268873,-30.9639066352014,11.5426954278702,-23.2963075420032,"Erebia_orientalis"
84.7744035556367,-30.958983754011,11.539774951316,-23.2896155356551,"Erebia_jeniseiensis"
84.7799269319621,-30.9624251410934,11.5418165089218,-23.2942936464937,"Erebia_dabanensis"
84.783230208093,-30.9644832299494,11.5430374042957,-23.2970912250807,"Erebia_meolans"
84.783230208093,-30.9644832299494,11.5430374042957,-23.2970912250807,"Erebia_palarica"
84.7802949386227,-30.9626545223773,11.5419526639863,-23.2946057027327,"Erebia_albergana"
84.7860583608461,-30.966245576816,11.5440828883924,-23.2994870184246,"Erebia_triarius"
84.7873664458197,-30.9670605427236,11.5445665259263,-23.300595256122,"Erebia_polaris"
84.7873664458197,-30.9670605427236,11.5445665259263,-23.300595256122,"Erebia_medusa"
84.7829944338696,-30.9643382335486,11.5429532138599,-23.2968997019678,"Erebia_aethiops"
84.7916709138995,-30.9697444996762,11.5461606738489,-23.3042496308052,"Erebia_pandrose"
84.7916709138995,-30.9697444996762,11.5461606738489,-23.3042496308052,"Erebia_sthennyo"
84.7890953150936,-30.9681396852783,11.5452083730671,-23.302067398276,"Erebia_flavofasciata"
84.7894479198987,-30.9683593854433,11.5453387130014,-23.3023660694426,"Erebia_gorge"
84.7894479198988,-30.9683593854434,11.5453387130014,-23.3023660694426,"Erebia_pluto"
84.793626683301,-30.9709635299601,11.5468840371325,-23.3059074655373,"Erebia_sudetica"
84.793626683301,-30.9709635299601,11.5468840371325,-23.3059074655373,"Erebia_melampus"
84.7941642438053,-30.9712985050951,11.5470830037533,-23.306363460873,"Erebia_manto"
84.7950552173478,-30.9718537216213,11.5474122429763,-23.3071179115711,"Erebia_eriphyle"
84.7965930513947,-30.9728119574158,11.5479807674708,-23.3084207056978,"Erebia_euryale"
84.7965930513947,-30.9728119574158,11.5479807674708,-23.3084207056978,"Erebia_ligea"
84.800274235708,-30.9751091797748,11.5493468548148,-23.3115536327947,"Erebia_oeme"
84.8097298545754,-30.9810018285825,11.5528436472715,-23.3195672120586,"Erebia_gorgone"
84.8106820611447,-30.9815952191878,11.5531957619201,-23.3203741404443,"Erebia_aethiopella"
84.8109195940684,-30.9817432430004,11.5532835979209,-23.3205754306106,"Erebia_mnestra"
84.8109195940684,-30.9817432430004,11.5532835979209,-23.3205754306106,"Erebia_rhodopensis"
84.813866884364,-30.9835814296079,11.5543756497346,-23.3230791169091,"Erebia_scipio"
84.8173842187791,-30.9857736495055,11.5556767617437,-23.3260610461458,"Erebia_melas"
84.8220541707978,-30.9886842964012,11.5574040974674,-23.3300197957596,"Erebia_pronoe"
84.8255992123242,-30.9908937318499,11.5587155921695,-23.3330255267212,"Erebia_lefebvrei"
84.8261936803414,-30.9912642355409,11.5589354864597,-23.3335294834699,"Erebia_zapateri"
84.8261936803414,-30.9912642355409,11.5589354864596,-23.3335294834699,"Erebia_neoridas"
84.8264102931924,-30.9913992884618,11.5590154713868,-23.3337127842695,"Erebia_montana"
84.8266359495621,-30.9915398872867,11.559099091401,-23.3339044400016,"Erebia_stiria"
84.8266359495621,-30.9915398872867,11.559099091401,-23.3339044400016,"Erebia_styx"
